funding_amount_m,team_size,years_active,market_size_m,num_competitors,revenue_year1_m,burn_rate_m,customer_count,product_score,marketing_spend_m,industry,funding_stage,future_revenue_m,success
1.64,53,2.5,1068.1,23,0.39,0.081,2016,10,0.1,HealthTech,Seed,11.42,0
10.54,80,11.0,1589.0,59,0.9,0.19,1194,10,2.06,SaaS,Series A,18.28,1
4.61,48,5.3,195.4,46,1.34,0.219,1616,9,0.34,BioTech,Series C,13.48,1
3.2,57,4.9,80.5,38,0.43,0.032,2932,4,0.35,CleanTech,Series B,7.37,0
0.59,87,6.5,19.1,14,0.22,0.016,3399,2,0.09,E-Commerce,Series A,4.31,1
0.59,15,1.0,821.7,72,0.2,0.007,952,8,0.1,Cybersecurity,Series A,6.2,0
0.21,91,2.4,747.3,62,0.06,0.008,7263,4,0.04,CleanTech,Series A,8.6,0
7.04,29,9.0,633.0,35,2.69,0.237,560,9,0.59,Cybersecurity,Pre-Seed,18.03,0
3.22,88,1.5,211.1,19,0.2,0.122,3473,4,0.41,EdTech,Series B,5.63,0
4.31,79,7.4,396.6,30,1.33,0.103,2948,8,0.75,Logistics,Series A,14.32,1
0.1,89,3.3,722.1,78,0.02,0.002,2477,9,0.02,Cybersecurity,Series B,10.13,0
12.26,3,5.0,549.4,25,4.5,0.125,59,9,2.4,FinTech,Series A,21.0,0
6.25,110,3.8,3524.1,40,0.9,0.143,1091,10,1.47,Logistics,Series C,21.64,1
0.84,27,4.6,117.4,14,0.26,0.04,1931,4,0.17,Logistics,Series C,2.79,1
0.7,15,8.8,950.3,26,0.25,0.017,547,1,0.12,E-Commerce,Series C,5.36,0
0.71,60,3.9,414.4,22,0.05,0.031,2536,3,0.06,SaaS,Seed,6.45,0
1.27,57,7.0,447.2,48,0.24,0.055,4204,9,0.23,CleanTech,Series A,9.85,1
2.6,116,6.0,1011.5,51,0.82,0.062,7333,4,0.45,Cybersecurity,Seed,12.51,1
1.98,8,8.1,943.3,3,0.41,0.069,118,5,0.34,Cybersecurity,Series B,5.25,0
1.2,4,11.3,3791.5,42,0.17,0.015,189,7,0.18,EdTech,Seed,10.52,1
3.31,112,8.9,109.9,19,0.42,0.042,4274,5,0.52,Logistics,Series B,11.05,1
0.53,24,3.0,87.9,73,0.05,0.005,1554,4,0.06,AI/ML,Series B,3.92,0
1.21,111,0.9,1030.9,28,0.42,0.039,6584,2,0.19,HealthTech,Series B,8.71,0
1.6,108,3.5,690.9,45,0.4,0.042,6132,2,0.14,AI/ML,Seed,8.45,0
2.13,112,7.3,256.3,71,0.16,0.066,3420,4,0.45,Cybersecurity,Series A,8.02,0
5.38,110,1.1,66.2,78,0.99,0.162,7190,10,0.47,AI/ML,Seed,11.2,1
0.78,19,6.2,71.6,63,0.14,0.018,169,10,0.05,E-Commerce,Series A,4.44,1
2.53,39,7.4,1796.9,73,0.29,0.093,661,9,0.35,FinTech,Series A,9.46,0
3.14,100,4.3,170.4,19,0.64,0.125,3017,8,0.57,Cybersecurity,Series B,10.28,0
0.17,116,9.4,312.5,47,0.03,0.002,1248,3,0.02,Cybersecurity,Seed,6.76,0
3.27,16,1.7,205.6,14,0.55,0.055,361,9,0.34,FinTech,Series A,4.7,0
0.65,65,1.4,350.8,38,0.2,0.025,4371,5,0.11,CleanTech,Series C,9.77,0
0.24,90,8.9,57.6,53,0.03,0.006,6850,3,0.03,FinTech,Series A,7.85,0
10.41,102,6.2,585.6,61,2.86,0.374,2840,5,2.46,AI/ML,Series C,16.86,1
11.8,29,8.4,56.0,36,2.95,0.269,720,10,2.77,E-Commerce,Seed,16.37,1
5.78,75,5.5,1289.0,40,1.44,0.142,1949,4,0.87,EdTech,Seed,14.12,0
1.27,40,3.3,213.0,30,0.36,0.019,1033,8,0.15,CleanTech,Seed,8.74,0
0.36,58,9.9,621.2,9,0.09,0.007,446,5,0.07,BioTech,Series A,5.48,1
4.03,18,9.7,1696.7,64,1.44,0.135,1341,10,0.23,EdTech,Pre-Seed,15.15,1
2.03,104,8.5,841.9,33,0.58,0.054,2186,8,0.29,SaaS,Series A,11.55,1
0.46,87,3.6,609.1,52,0.11,0.019,3175,9,0.05,SaaS,Series A,7.78,0
2.39,91,7.3,313.6,14,0.81,0.105,521,4,0.56,SaaS,Series B,10.52,0
0.12,45,4.7,324.0,75,0.03,0.004,3120,7,0.01,SaaS,Series B,7.87,0
8.4,26,1.6,885.7,53,1.28,0.335,1555,2,1.35,E-Commerce,Series A,13.16,0
1.05,18,11.0,4111.6,59,0.13,0.022,1368,6,0.21,EdTech,Series C,11.96,1
3.8,14,2.1,867.4,78,0.39,0.097,890,8,0.56,Logistics,Series B,8.95,0
1.31,85,11.4,652.8,41,0.48,0.05,2424,7,0.09,HealthTech,Series A,9.5,1
2.57,26,5.6,1049.4,68,0.77,0.063,613,7,0.63,CleanTech,Pre-Seed,10.36,1
2.77,69,2.6,500.7,68,1.05,0.091,3955,8,0.43,BioTech,Series C,8.92,0
0.72,11,6.7,49.6,8,0.19,0.012,355,7,0.12,AI/ML,Seed,2.24,1
12.22,68,10.5,661.0,2,2.64,0.407,3227,5,1.19,Cybersecurity,Series A,15.27,1
5.22,106,8.9,2529.0,41,0.37,0.231,579,7,0.77,SaaS,Series A,16.32,1
9.82,110,9.8,154.2,55,2.8,0.437,1060,10,1.33,BioTech,Series C,17.98,1
7.88,19,8.1,937.0,16,2.0,0.303,857,3,0.51,Cybersecurity,Series B,12.15,0
3.19,112,8.5,179.4,62,1.27,0.126,5315,5,0.23,HealthTech,Series B,13.45,1
8.92,101,10.3,614.0,48,1.19,0.282,6197,7,1.94,BioTech,Series B,15.31,1
0.32,112,3.4,81.3,30,0.08,0.01,1668,9,0.03,EdTech,Seed,12.1,0
0.76,87,6.1,478.8,12,0.21,0.011,3783,2,0.07,BioTech,Series C,7.65,0
0.16,35,3.0,1129.0,35,0.04,0.004,685,4,0.02,SaaS,Series C,4.37,0
1.38,112,11.9,341.6,11,0.34,0.037,1342,7,0.28,HealthTech,Series B,12.45,0
1.72,9,11.4,874.7,64,0.55,0.083,322,1,0.11,AI/ML,Series B,3.77,0
1.11,41,1.0,1269.6,50,0.14,0.029,707,2,0.18,Logistics,Pre-Seed,7.89,0
6.18,114,8.6,2095.8,21,1.88,0.193,2466,9,0.46,FinTech,Pre-Seed,22.86,1
1.54,109,11.1,213.9,69,0.41,0.047,3141,10,0.09,SaaS,Series A,12.04,1
1.15,84,2.6,407.7,48,0.42,0.04,2054,7,0.07,Cybersecurity,Series A,7.05,1
2.74,43,7.0,132.3,20,0.95,0.108,497,10,0.59,HealthTech,Series C,8.07,1
0.53,42,11.0,3912.5,67,0.08,0.009,493,7,0.04,EdTech,Series C,16.62,1
5.67,102,0.9,2093.8,44,0.83,0.172,1988,6,0.33,E-Commerce,Seed,15.7,0
0.27,7,8.5,621.1,33,0.11,0.012,61,3,0.04,HealthTech,Seed,3.49,0
15.17,53,3.9,1476.3,73,3.56,0.419,2755,10,3.32,Cybersecurity,Pre-Seed,23.94,0
5.18,27,11.1,588.8,61,1.9,0.103,716,3,0.53,FinTech,Series A,11.11,0
0.78,65,11.7,781.7,9,0.08,0.028,1688,2,0.1,FinTech,Pre-Seed,6.72,0
0.1,99,11.4,74.7,68,0.03,0.004,2960,6,0.01,CleanTech,Pre-Seed,7.31,1
5.91,60,6.0,1126.1,35,1.97,0.065,3282,4,0.83,Logistics,Series A,13.4,1
4.29,57,10.4,109.3,65,1.64,0.175,4006,5,0.71,Cybersecurity,Seed,11.44,1
4.57,60,10.2,1399.3,8,0.77,0.195,3715,3,0.75,FinTech,Series A,11.29,1
5.16,110,4.2,1218.7,45,1.57,0.142,6552,6,0.6,CleanTech,Series B,15.63,0
0.27,71,10.0,986.8,47,0.06,0.013,2934,3,0.03,CleanTech,Series B,8.95,0
1.55,102,0.9,29.5,40,0.11,0.064,5817,8,0.11,CleanTech,Series B,8.79,1
0.43,34,7.4,288.9,76,0.13,0.017,1579,9,0.05,HealthTech,Series C,5.14,0
6.96,54,3.1,244.3,54,2.03,0.275,1145,4,0.49,CleanTech,Seed,10.36,0
3.42,23,1.9,357.2,76,1.28,0.05,474,9,0.7,SaaS,Seed,8.27,0
1.41,22,1.4,73.4,46,0.32,0.025,599,7,0.34,Cybersecurity,Series C,4.84,0
0.23,71,8.5,2211.2,47,0.03,0.006,5205,3,0.06,SaaS,Pre-Seed,12.04,0
1.3,71,4.4,645.6,15,0.09,0.025,3269,7,0.29,E-Commerce,Series B,7.26,1
1.38,113,8.8,291.7,19,0.27,0.035,6784,1,0.23,FinTech,Series B,8.05,0
4.58,5,1.3,404.6,26,0.71,0.208,154,3,0.87,Logistics,Pre-Seed,4.17,0
3.55,95,4.1,474.2,52,1.12,0.152,3379,6,0.38,CleanTech,Series A,11.46,1
7.64,76,6.7,734.2,22,1.33,0.264,1095,4,1.35,EdTech,Series A,9.99,1
2.24,63,9.6,580.0,21,0.86,0.099,1124,7,0.32,EdTech,Seed,9.64,0
0.45,63,4.2,2014.5,51,0.17,0.018,4224,3,0.07,FinTech,Series C,9.42,1
4.37,95,7.7,549.7,38,1.17,0.115,4641,1,0.88,E-Commerce,Seed,11.29,1
5.01,96,10.7,3878.6,20,1.88,0.084,2910,9,0.53,EdTech,Series A,24.08,1
2.88,25,7.6,1525.3,29,0.91,0.086,1630,6,0.33,SaaS,Pre-Seed,8.48,1
5.16,56,3.2,187.1,51,1.25,0.201,1315,8,1.21,BioTech,Seed,12.35,0
2.38,10,0.8,2134.2,4,0.27,0.063,782,3,0.15,HealthTech,Series B,8.4,0
2.59,4,10.5,99.0,55,0.55,0.094,123,8,0.38,AI/ML,Series B,5.9,0
1.95,116,0.7,1360.6,71,0.48,0.024,3514,2,0.45,EdTech,Pre-Seed,11.59,0
0.1,32,10.6,383.2,28,0.04,0.004,908,4,0.02,Logistics,Series A,3.47,0
0.4,41,6.6,1682.8,4,0.09,0.017,580,3,0.06,CleanTech,Series B,7.93,1
0.11,102,11.3,1620.3,22,0.04,0.004,1360,10,0.01,Logistics,Series B,13.83,1
3.54,37,9.7,1311.6,76,1.01,0.172,1983,1,0.42,Cybersecurity,Series C,6.02,0
1.32,25,12.0,1248.6,45,0.13,0.056,1765,7,0.29,HealthTech,Seed,6.85,1
2.49,96,4.5,290.7,67,0.99,0.114,6171,10,0.4,SaaS,Series A,12.11,1
8.33,7,9.3,67.5,66,1.95,0.393,109,2,1.27,E-Commerce,Seed,8.28,0
1.0,67,5.1,412.6,34,0.19,0.042,3076,4,0.07,HealthTech,Series A,8.42,1
1.85,85,6.0,152.5,55,0.52,0.067,1098,9,0.1,AI/ML,Series B,8.78,1
4.93,93,7.7,949.8,1,0.43,0.042,780,6,1.2,BioTech,Series C,11.05,1
0.91,76,10.5,339.8,72,0.25,0.025,4121,8,0.11,EdTech,Seed,7.89,1
0.28,5,11.8,2970.9,38,0.06,0.009,225,2,0.05,E-Commerce,Series B,7.19,1
1.2,80,9.3,819.5,6,0.23,0.025,892,7,0.08,E-Commerce,Series A,9.13,1
0.62,7,5.3,1382.9,25,0.24,0.013,53,6,0.12,EdTech,Seed,7.99,1
9.29,119,5.3,113.7,17,2.16,0.449,9428,9,2.2,EdTech,Seed,15.53,1
5.78,114,9.0,1584.5,61,0.73,0.263,826,7,0.95,EdTech,Series B,15.98,1
3.51,95,3.2,2048.6,12,0.74,0.153,3642,1,0.26,EdTech,Seed,10.11,1
7.18,103,1.8,534.1,6,2.67,0.181,4413,8,1.19,EdTech,Series C,17.26,1
5.7,52,4.6,745.6,27,0.64,0.051,717,10,1.16,E-Commerce,Series C,11.1,1
0.72,63,3.8,1157.9,8,0.09,0.008,1113,3,0.09,FinTech,Series B,10.07,0
7.81,58,3.9,153.7,65,0.43,0.167,1820,2,1.76,FinTech,Series A,6.74,0
2.71,67,3.2,558.6,57,0.15,0.024,4162,3,0.49,Logistics,Series B,3.73,1
5.77,80,1.0,406.9,40,1.96,0.052,3442,6,1.33,FinTech,Series C,10.91,1
7.92,76,0.7,126.6,14,2.43,0.368,4016,3,1.38,AI/ML,Pre-Seed,13.07,0
1.34,9,11.9,366.5,35,0.23,0.051,709,10,0.1,FinTech,Pre-Seed,7.13,1
0.41,27,5.4,56.5,48,0.12,0.009,1690,5,0.05,E-Commerce,Seed,4.45,0
0.91,52,4.9,20.9,56,0.17,0.013,1954,6,0.08,EdTech,Seed,5.97,0
1.95,46,8.3,116.2,49,0.75,0.058,1770,8,0.45,CleanTech,Pre-Seed,9.87,0
5.96,45,3.0,2640.0,13,2.32,0.051,2313,7,1.2,CleanTech,Series C,18.06,1
6.9,6,11.4,638.0,61,1.29,0.327,329,8,1.28,AI/ML,Seed,11.01,0
0.1,71,9.5,2700.9,49,0.03,0.003,3021,3,0.01,Cybersecurity,Series B,8.88,1
2.5,27,1.5,453.2,46,0.8,0.063,1440,4,0.22,E-Commerce,Series B,5.3,0
1.89,119,5.3,299.0,62,0.3,0.047,805,6,0.38,SaaS,Series C,7.58,0
0.88,69,10.6,564.4,8,0.12,0.01,2568,7,0.13,HealthTech,Seed,7.74,1
0.45,20,11.4,463.2,43,0.09,0.016,518,9,0.04,Logistics,Series B,5.97,0
1.44,85,5.9,89.3,20,0.47,0.056,1248,1,0.25,SaaS,Seed,6.53,1
10.02,98,7.6,819.2,39,3.87,0.366,1221,8,0.58,E-Commerce,Seed,22.11,1
1.37,21,2.4,194.7,49,0.43,0.019,1055,8,0.16,FinTech,Series B,4.77,0
2.56,114,11.9,773.2,64,0.89,0.083,5046,6,0.37,EdTech,Pre-Seed,12.5,1
4.25,13,3.2,840.3,62,1.11,0.136,312,4,0.34,SaaS,Series B,5.8,0
1.58,48,11.3,131.9,54,0.54,0.07,1935,3,0.39,HealthTech,Series C,7.65,0
12.49,2,8.0,50.6,9,4.05,0.301,83,3,1.15,Cybersecurity,Series A,14.24,0
11.49,91,7.5,1214.1,37,2.09,0.274,1785,6,0.87,CleanTech,Series B,17.25,1
1.02,15,6.4,492.7,49,0.25,0.035,808,8,0.09,Cybersecurity,Seed,8.38,0
2.41,65,3.2,47.9,41,0.8,0.084,4131,7,0.49,HealthTech,Seed,6.86,1
1.25,39,2.5,4217.5,17,0.08,0.035,2510,1,0.17,EdTech,Series B,11.29,1
1.17,38,3.0,47.6,21,0.39,0.031,1907,6,0.19,FinTech,Series A,4.03,0
0.13,12,2.6,950.0,51,0.01,0.004,520,7,0.01,HealthTech,Series B,5.63,0
3.29,101,9.5,3292.2,59,0.76,0.145,967,7,0.19,Logistics,Series A,19.0,1
2.44,78,4.5,218.7,39,0.81,0.067,2073,9,0.34,HealthTech,Series A,11.76,1
0.18,108,1.2,122.8,55,0.02,0.009,1295,10,0.04,E-Commerce,Series C,13.64,1
1.14,4,11.6,103.5,41,0.16,0.033,309,5,0.26,FinTech,Seed,0.01,0
8.36,34,10.7,289.1,39,1.6,0.4,514,1,0.56,EdTech,Seed,9.41,0
0.96,7,11.2,85.2,13,0.35,0.041,114,2,0.15,CleanTech,Series A,1.6,0
0.55,51,11.9,942.5,64,0.03,0.013,3657,4,0.13,CleanTech,Seed,5.75,0
2.35,11,2.5,51.5,11,0.86,0.104,833,5,0.3,HealthTech,Pre-Seed,4.39,0
14.85,6,5.1,569.7,19,1.54,0.192,374,9,3.21,E-Commerce,Series A,11.83,1
0.97,24,9.2,4570.3,11,0.38,0.045,129,1,0.07,SaaS,Seed,16.25,0
3.9,11,8.5,1345.5,77,1.5,0.135,56,3,0.92,Cybersecurity,Pre-Seed,10.89,0
5.02,45,2.3,764.1,46,1.12,0.053,1501,5,1.01,Cybersecurity,Series C,10.32,0
0.95,3,9.9,292.5,45,0.22,0.033,47,3,0.23,Cybersecurity,Seed,4.85,0
4.56,14,3.1,782.3,1,1.0,0.223,89,4,0.85,SaaS,Pre-Seed,5.33,0
1.6,41,3.1,599.0,40,0.44,0.018,1632,3,0.2,E-Commerce,Series B,4.24,0
3.5,3,6.7,444.2,19,0.29,0.11,227,4,0.83,Cybersecurity,Series B,1.1,0
3.51,85,7.3,112.1,76,0.22,0.139,2489,1,0.37,Logistics,Pre-Seed,5.19,0
2.69,66,7.2,1741.5,72,0.19,0.113,3602,8,0.31,SaaS,Series A,11.98,1
0.33,64,1.6,478.0,72,0.07,0.008,3450,4,0.06,SaaS,Series A,6.36,0
6.31,102,10.6,173.2,61,0.92,0.106,2430,7,1.28,EdTech,Seed,12.52,1
1.35,74,3.6,366.8,12,0.36,0.014,3979,2,0.32,EdTech,Series B,4.54,0
0.72,18,2.0,427.7,61,0.29,0.023,376,2,0.07,FinTech,Series A,4.83,0
0.15,10,10.7,1406.1,33,0.03,0.004,141,6,0.03,Logistics,Series A,6.75,1
3.13,76,11.5,1058.2,45,0.79,0.15,4377,2,0.62,Logistics,Series B,10.85,1
3.96,16,10.4,1173.3,69,0.77,0.043,216,6,0.25,FinTech,Series C,6.2,0
0.1,25,9.8,10.0,8,0.03,0.004,1994,2,0.01,Logistics,Series A,2.64,1
2.51,39,8.0,430.5,25,0.92,0.024,731,4,0.27,AI/ML,Pre-Seed,5.81,0
0.9,36,6.8,525.2,46,0.32,0.014,1784,7,0.1,BioTech,Seed,6.31,1
3.63,95,1.5,15.5,30,1.42,0.099,3406,8,0.9,Cybersecurity,Series A,13.23,1
0.67,96,5.2,240.7,47,0.04,0.018,1389,3,0.12,EdTech,Series A,6.98,0
4.11,50,4.8,1142.7,49,1.41,0.152,354,9,0.8,FinTech,Series C,12.02,0
1.71,70,3.5,118.0,47,0.54,0.079,3619,2,0.42,FinTech,Pre-Seed,6.3,0
9.66,63,8.8,613.1,18,1.26,0.338,4126,8,1.21,Logistics,Seed,10.9,1
0.52,61,6.2,193.9,66,0.2,0.025,4157,8,0.11,SaaS,Series A,9.05,0
1.46,109,1.4,10.0,68,0.15,0.066,4491,4,0.2,CleanTech,Seed,7.45,0
0.42,51,3.0,220.8,33,0.12,0.014,3228,1,0.09,HealthTech,Series B,5.56,0
9.05,79,8.4,2979.6,36,1.16,0.39,4381,1,0.78,HealthTech,Series A,15.55,0
7.34,118,1.4,1293.7,19,1.48,0.258,6999,2,1.76,FinTech,Series A,14.41,1
1.04,76,10.3,2566.7,28,0.31,0.012,3187,9,0.1,Cybersecurity,Series B,13.48,1
3.78,10,6.2,535.3,40,0.93,0.148,525,2,0.44,AI/ML,Series C,7.06,0
5.95,35,6.0,93.0,76,1.19,0.073,2289,2,1.2,Cybersecurity,Series A,6.32,0
2.84,77,7.3,635.2,15,0.47,0.094,2682,6,0.37,FinTech,Seed,10.58,1
2.64,100,10.0,484.7,41,0.91,0.099,6544,7,0.45,Cybersecurity,Pre-Seed,11.26,1
0.97,36,4.5,1488.2,39,0.1,0.011,1778,7,0.13,EdTech,Seed,5.73,0
0.34,2,8.3,82.6,2,0.07,0.006,34,9,0.07,Cybersecurity,Series C,3.31,1
7.96,41,7.0,535.9,63,2.92,0.37,280,6,0.76,Logistics,Pre-Seed,12.92,1
8.07,65,3.6,130.1,29,2.79,0.274,2093,8,0.5,Logistics,Seed,15.66,1
3.51,23,10.6,314.1,74,0.67,0.065,1058,6,0.39,AI/ML,Seed,5.12,1
1.45,61,9.7,1069.6,66,0.46,0.054,4147,2,0.21,EdTech,Series B,9.28,1
1.5,65,8.1,517.0,51,0.51,0.05,946,1,0.13,CleanTech,Series C,6.38,0
4.53,94,10.3,377.1,75,1.64,0.132,6111,5,0.55,SaaS,Series B,12.53,1
7.96,73,10.5,401.3,77,1.91,0.39,5089,9,1.03,EdTech,Pre-Seed,15.58,1
7.63,12,8.6,492.1,10,0.93,0.281,195,8,0.47,E-Commerce,Series B,10.48,1
5.3,106,10.1,1229.8,14,0.74,0.127,7300,4,0.88,BioTech,Series C,13.01,1
3.6,102,8.5,1781.1,51,0.55,0.15,8094,5,0.82,FinTech,Series A,12.37,1
0.31,15,8.3,2486.8,73,0.08,0.014,892,5,0.02,E-Commerce,Series A,6.32,0
0.62,61,7.6,1236.8,39,0.04,0.008,3895,6,0.11,AI/ML,Pre-Seed,7.66,1
8.01,31,9.2,303.1,28,2.18,0.134,2467,3,1.47,E-Commerce,Series A,10.14,1
3.26,36,2.3,932.1,3,0.58,0.057,1814,5,0.44,Logistics,Series B,8.51,0
0.1,86,10.6,460.4,70,0.02,0.004,2415,2,0.02,Cybersecurity,Pre-Seed,5.76,0
0.37,38,10.5,235.1,27,0.13,0.012,2576,10,0.05,SaaS,Series C,7.91,1
3.81,6,0.8,1470.4,2,0.8,0.13,306,1,0.58,HealthTech,Pre-Seed,6.19,1
0.1,84,10.0,31.3,38,0.01,0.005,4081,1,0.01,FinTech,Pre-Seed,4.63,0
0.61,79,2.0,1856.3,3,0.21,0.025,1897,10,0.11,HealthTech,Seed,14.84,1
2.78,27,4.4,495.1,16,0.19,0.038,1666,7,0.51,Cybersecurity,Seed,7.08,1
4.12,63,9.1,811.1,40,1.25,0.094,700,2,0.24,Logistics,Pre-Seed,9.98,0
3.69,5,2.3,861.5,2,1.18,0.098,371,4,0.46,Logistics,Series A,6.88,0
0.89,90,9.9,1803.9,41,0.15,0.022,2649,5,0.22,Cybersecurity,Seed,10.48,1
4.36,110,10.1,810.0,12,1.48,0.158,1604,7,0.58,FinTech,Series C,13.66,1
0.95,43,6.3,761.4,35,0.22,0.043,1641,2,0.14,HealthTech,Series B,4.71,1
1.38,90,0.6,55.2,65,0.29,0.029,736,6,0.32,EdTech,Seed,9.25,0
4.8,19,3.8,584.5,55,0.32,0.15,1070,1,0.93,Logistics,Pre-Seed,4.36,0
3.67,41,7.6,130.2,45,0.56,0.151,2980,7,0.61,HealthTech,Series A,5.34,0
6.62,73,11.8,1069.8,79,2.49,0.17,4949,9,1.39,CleanTech,Series B,20.34,1
3.75,40,7.8,574.3,62,0.7,0.058,582,5,0.84,HealthTech,Seed,8.62,0
2.94,105,3.5,912.1,49,0.71,0.083,1519,5,0.42,CleanTech,Series A,9.82,0
0.34,15,7.8,34.1,25,0.08,0.004,990,4,0.05,CleanTech,Series A,2.06,0
1.6,33,6.7,70.9,23,0.41,0.076,2452,3,0.2,Logistics,Series A,4.54,0
1.08,52,9.5,1007.9,24,0.08,0.012,2056,9,0.26,FinTech,Pre-Seed,11.68,1
0.98,39,1.7,59.9,38,0.17,0.026,1654,5,0.19,AI/ML,Series C,3.1,0
12.64,98,9.3,59.1,28,3.83,0.384,2829,8,0.84,Logistics,Series A,22.3,1
1.75,24,6.7,10.0,21,0.21,0.086,1729,9,0.39,FinTech,Series B,7.8,0
7.79,64,11.6,2508.0,54,0.94,0.119,3415,5,1.14,FinTech,Seed,14.73,1
3.49,16,4.4,1070.0,18,0.19,0.046,425,10,0.22,E-Commerce,Series B,8.38,0
5.54,98,7.8,348.6,36,1.13,0.048,2686,9,0.89,Cybersecurity,Pre-Seed,12.17,1
2.44,26,11.2,281.4,45,0.88,0.036,1867,2,0.33,Cybersecurity,Pre-Seed,5.33,1
3.01,18,1.7,344.3,73,0.21,0.051,108,9,0.68,Cybersecurity,Series B,6.6,1
2.37,98,11.3,1192.1,53,0.28,0.082,2862,4,0.22,BioTech,Series C,11.6,1
0.76,112,8.4,866.3,30,0.12,0.013,5216,6,0.16,Logistics,Pre-Seed,12.22,1
4.49,67,1.3,163.8,60,1.37,0.041,1079,6,0.73,FinTech,Pre-Seed,9.71,0
1.15,79,4.0,153.0,32,0.32,0.049,940,6,0.07,E-Commerce,Series B,4.81,0
0.1,54,8.6,82.9,67,0.02,0.002,3571,2,0.02,CleanTech,Pre-Seed,3.74,0
3.63,105,1.3,863.8,67,1.15,0.084,7568,7,0.55,AI/ML,Series C,14.36,1
0.68,105,7.2,1156.4,28,0.18,0.014,7010,6,0.07,AI/ML,Series C,11.43,1
9.87,52,4.5,246.4,44,3.59,0.483,3765,1,1.42,CleanTech,Series C,14.07,0
10.77,40,7.6,16.9,79,3.62,0.166,1859,2,2.39,HealthTech,Seed,14.98,0
8.62,52,1.0,68.6,41,1.19,0.394,3427,7,0.96,HealthTech,Series C,12.61,1
1.62,71,10.5,2750.1,63,0.23,0.066,2400,1,0.14,Cybersecurity,Series C,12.05,0
0.1,7,11.7,280.2,23,0.01,0.001,384,1,0.01,Logistics,Seed,0.92,0
9.22,68,11.6,1173.0,75,1.55,0.456,5383,1,1.01,BioTech,Series A,11.59,0
1.96,8,9.1,783.9,48,0.78,0.038,175,8,0.4,E-Commerce,Pre-Seed,7.69,0
11.9,52,2.0,384.9,32,2.28,0.148,1780,4,1.72,AI/ML,Series C,16.55,1
11.6,73,9.2,184.2,57,1.48,0.498,2993,4,1.11,Cybersecurity,Pre-Seed,11.6,0
6.71,43,0.8,103.5,33,2.13,0.253,660,2,0.56,SaaS,Series B,10.0,0
1.22,65,0.8,763.6,24,0.29,0.042,720,1,0.14,Cybersecurity,Pre-Seed,5.77,0
1.7,117,4.2,1192.0,39,0.17,0.025,7865,10,0.4,SaaS,Seed,15.24,1
6.67,16,6.1,826.0,34,1.22,0.189,1252,9,0.79,EdTech,Pre-Seed,14.0,1
1.33,112,9.4,604.5,56,0.26,0.054,3959,7,0.33,FinTech,Pre-Seed,11.47,1
0.65,30,8.4,34.3,28,0.2,0.014,347,4,0.1,CleanTech,Pre-Seed,3.97,0
2.85,34,5.6,2765.9,37,0.16,0.061,337,6,0.24,FinTech,Series A,11.93,1
9.63,117,3.6,1282.4,7,1.39,0.082,8406,2,2.2,Cybersecurity,Series A,12.35,1
4.17,95,12.0,277.2,68,0.96,0.065,3779,7,0.59,FinTech,Series B,12.85,1
2.95,104,5.4,3128.4,37,0.43,0.132,3016,2,0.57,E-Commerce,Seed,15.41,1
0.36,28,5.7,736.8,56,0.1,0.01,1140,10,0.09,EdTech,Pre-Seed,8.15,0
3.34,37,2.4,698.6,65,0.73,0.165,1068,8,0.2,BioTech,Pre-Seed,8.16,0
16.14,30,9.6,1102.9,65,2.85,0.401,1250,8,1.12,EdTech,Pre-Seed,17.94,1
0.53,39,8.5,1336.1,47,0.2,0.02,2709,1,0.1,AI/ML,Pre-Seed,5.56,1
2.56,58,3.0,854.8,20,0.69,0.051,2866,8,0.27,E-Commerce,Series A,12.07,0
7.35,98,1.4,109.7,19,0.7,0.173,5595,2,0.64,FinTech,Series B,9.0,1
4.73,102,8.3,330.3,29,1.16,0.077,3299,6,0.27,BioTech,Series C,15.58,1
4.18,28,8.0,2105.8,74,1.35,0.095,1690,1,0.23,FinTech,Seed,11.94,0
4.24,56,3.6,203.5,60,1.26,0.132,3079,5,0.87,Logistics,Pre-Seed,7.53,0
1.56,34,11.4,372.4,18,0.17,0.077,474,7,0.12,Logistics,Series B,5.94,1
1.22,69,2.2,452.6,35,0.48,0.044,3308,10,0.18,HealthTech,Series C,9.04,0
5.8,87,5.5,463.0,43,1.2,0.096,2110,1,0.99,EdTech,Series B,7.12,0
5.81,67,11.4,759.3,11,0.61,0.059,4375,2,0.79,BioTech,Series A,11.52,1
7.06,11,5.3,2292.8,49,0.8,0.096,406,7,0.39,Logistics,Series C,13.83,1
8.56,6,7.8,220.3,38,0.72,0.272,477,6,1.77,HealthTech,Series B,7.85,1
2.51,75,5.1,103.6,64,0.83,0.101,895,3,0.13,E-Commerce,Series A,8.07,0
2.44,98,3.7,176.0,69,0.23,0.116,6225,10,0.49,BioTech,Series B,8.32,1
5.6,119,11.8,1743.8,8,0.53,0.05,6607,2,1.28,HealthTech,Series B,13.11,1
3.67,39,5.2,830.3,34,1.28,0.111,2439,10,0.5,CleanTech,Series C,13.28,1
4.24,14,10.8,269.4,48,0.72,0.119,392,4,0.67,BioTech,Series A,4.2,1
5.56,32,3.1,1354.0,56,0.34,0.198,1340,3,0.81,Cybersecurity,Pre-Seed,4.37,1
7.73,48,3.0,1580.8,76,0.53,0.245,3107,7,0.99,HealthTech,Seed,11.81,0
1.44,101,0.9,1499.3,65,0.14,0.053,2266,8,0.33,FinTech,Series C,12.31,0
1.65,110,8.0,2009.9,31,0.21,0.059,2414,2,0.38,Cybersecurity,Series A,12.23,1
0.35,89,4.7,232.5,4,0.1,0.005,4123,10,0.04,CleanTech,Series B,10.45,1
3.02,53,10.4,1125.3,50,0.32,0.126,2346,7,0.52,Logistics,Series A,10.56,1
0.13,57,5.9,493.7,69,0.01,0.002,1491,8,0.03,SaaS,Seed,7.68,0
2.19,16,11.6,1476.1,30,0.7,0.082,437,6,0.53,HealthTech,Seed,10.78,0
2.74,30,2.6,1043.0,59,0.78,0.07,775,6,0.42,E-Commerce,Pre-Seed,6.76,0
1.18,9,10.5,1198.5,67,0.24,0.035,565,10,0.17,HealthTech,Pre-Seed,8.97,1
3.13,6,9.4,854.1,75,0.76,0.144,323,1,0.33,SaaS,Seed,6.24,0
0.11,30,9.4,156.3,45,0.02,0.005,2022,4,0.03,CleanTech,Series C,1.69,0
0.13,48,10.2,630.0,4,0.03,0.006,3751,1,0.01,CleanTech,Series C,2.16,1
6.05,69,9.3,3342.3,26,1.38,0.179,2798,4,1.0,Cybersecurity,Series B,16.86,1
1.56,77,7.7,2216.6,27,0.29,0.061,770,2,0.17,BioTech,Pre-Seed,10.05,0
0.48,46,2.0,35.3,46,0.18,0.014,395,5,0.05,E-Commerce,Series B,6.08,0
2.59,3,0.9,144.1,64,0.14,0.115,81,10,0.34,Cybersecurity,Pre-Seed,4.47,0
5.14,28,11.1,113.0,51,1.66,0.129,2098,9,1.28,E-Commerce,Seed,9.42,1
0.85,96,7.6,1035.6,50,0.08,0.041,4247,10,0.05,E-Commerce,Series C,10.74,1
3.41,116,9.7,1362.1,6,1.12,0.161,2944,3,0.57,SaaS,Series C,15.45,1
0.31,116,6.0,192.1,59,0.08,0.012,4052,8,0.02,Cybersecurity,Seed,9.75,1
0.19,37,1.8,563.9,15,0.07,0.004,1846,3,0.02,E-Commerce,Series B,4.36,0
2.65,37,1.9,1469.6,30,0.22,0.037,1996,6,0.37,AI/ML,Series B,8.88,1
2.72,27,8.4,1055.8,42,0.67,0.12,446,4,0.41,SaaS,Series A,9.67,1
3.55,44,5.4,625.1,37,0.8,0.054,3444,8,0.36,CleanTech,Pre-Seed,8.73,0
4.53,28,2.8,714.0,42,1.35,0.199,1284,6,0.51,SaaS,Series B,11.82,0
13.03,70,6.2,568.0,35,3.09,0.375,1062,8,0.88,FinTech,Seed,19.26,1
2.54,21,1.2,282.5,6,0.61,0.064,1512,1,0.28,FinTech,Series B,4.05,0
1.37,12,7.2,666.0,68,0.27,0.063,127,6,0.33,E-Commerce,Series C,9.31,0
5.55,75,3.6,934.1,18,0.88,0.186,5481,1,1.33,Cybersecurity,Pre-Seed,8.3,0
1.11,105,9.7,1652.9,73,0.24,0.036,8372,1,0.13,CleanTech,Series A,9.95,0
2.02,39,4.1,809.1,29,0.18,0.064,2243,8,0.33,SaaS,Pre-Seed,6.17,1
0.29,7,5.7,1145.4,77,0.11,0.007,439,7,0.07,Cybersecurity,Series C,7.68,0
0.1,73,0.6,139.6,59,0.03,0.004,2211,3,0.01,SaaS,Series C,7.82,0
11.51,24,1.3,495.3,47,4.41,0.217,1814,6,2.44,SaaS,Series C,21.34,1
6.33,48,5.0,10.0,17,0.82,0.3,2146,9,1.52,AI/ML,Series C,11.21,0
4.17,91,6.0,226.6,22,1.49,0.19,5453,7,0.28,FinTech,Seed,12.19,0
1.84,47,7.4,1037.1,68,0.61,0.041,3492,3,0.15,SaaS,Series A,7.49,1
0.67,108,3.9,3843.9,69,0.19,0.026,8438,6,0.16,AI/ML,Series C,15.14,1
0.6,13,8.5,83.6,37,0.16,0.019,877,4,0.09,FinTech,Series C,6.05,1
1.01,91,10.4,410.7,49,0.16,0.023,2523,3,0.05,AI/ML,Series B,8.1,0
2.79,14,9.5,1287.8,13,0.94,0.138,1084,9,0.28,Cybersecurity,Series A,9.56,1
4.39,105,1.0,182.6,34,0.99,0.041,5471,10,0.61,BioTech,Pre-Seed,15.39,1
3.78,63,6.0,647.9,53,0.28,0.071,4712,2,0.71,FinTech,Series A,5.74,0
1.15,83,1.7,1056.6,51,0.18,0.035,4623,1,0.23,Logistics,Series A,8.42,0
10.84,90,3.3,765.7,3,4.09,0.326,2523,2,2.7,BioTech,Series A,19.7,0
4.69,98,11.8,166.6,42,1.63,0.154,3209,7,0.5,Cybersecurity,Series C,14.23,0
2.83,112,2.1,351.3,32,1.11,0.112,5183,10,0.45,SaaS,Series C,13.75,1
3.31,105,6.2,1225.2,51,0.89,0.114,6746,1,0.52,CleanTech,Seed,9.4,0
1.9,61,7.6,646.4,46,0.26,0.063,1759,6,0.25,Cybersecurity,Pre-Seed,8.21,0
1.0,44,8.6,10.0,21,0.11,0.011,2133,7,0.08,AI/ML,Series B,7.15,0
1.54,77,6.9,1145.0,44,0.18,0.037,2380,9,0.38,AI/ML,Series A,10.99,1
4.96,109,0.6,28.8,11,0.28,0.089,7213,8,1.09,AI/ML,Pre-Seed,11.89,1
0.1,101,4.3,1095.5,68,0.02,0.002,4040,6,0.01,AI/ML,Pre-Seed,8.59,1
0.43,113,6.5,181.0,1,0.05,0.014,1215,3,0.07,Cybersecurity,Seed,7.47,0
0.16,69,1.5,2537.5,63,0.03,0.003,1204,8,0.02,CleanTech,Series B,11.92,0
0.15,6,4.5,367.0,24,0.06,0.003,57,7,0.02,HealthTech,Series A,5.29,1
6.77,38,0.9,316.7,13,1.36,0.123,1613,3,1.28,AI/ML,Series B,9.09,0
4.26,73,1.4,129.0,11,1.52,0.204,947,9,0.65,HealthTech,Seed,13.26,0
2.25,107,5.1,291.8,51,0.59,0.107,1450,2,0.56,CleanTech,Series C,10.42,0
0.36,114,2.0,1674.2,17,0.05,0.012,8615,3,0.06,CleanTech,Pre-Seed,12.16,1
2.37,93,7.0,4487.0,24,0.41,0.111,6551,2,0.29,BioTech,Series A,18.14,1
2.25,32,8.4,367.5,19,0.18,0.092,1245,1,0.46,FinTech,Series C,2.33,0
0.67,10,9.7,476.3,37,0.11,0.022,789,4,0.06,Logistics,Seed,3.67,1
1.99,119,2.8,1024.3,8,0.57,0.017,596,5,0.25,E-Commerce,Series B,11.6,0
1.78,52,2.4,1738.6,28,0.13,0.072,2654,6,0.21,Logistics,Pre-Seed,9.37,0
3.35,30,1.7,719.2,5,0.41,0.126,1536,5,0.46,Cybersecurity,Series A,6.44,1
3.53,79,7.8,397.4,17,0.65,0.12,3105,1,0.73,E-Commerce,Series C,6.28,0
0.16,41,8.6,425.7,36,0.06,0.006,1425,3,0.02,CleanTech,Series C,1.52,0
1.64,42,0.9,951.6,19,0.53,0.049,1644,1,0.34,Logistics,Pre-Seed,5.5,0
3.44,87,11.3,10.0,64,1.06,0.13,3142,5,0.57,EdTech,Series B,10.09,0
2.45,12,1.1,773.2,11,0.22,0.116,717,5,0.29,FinTech,Seed,3.49,0
6.79,24,6.7,351.4,54,2.2,0.163,363,6,1.44,Logistics,Series B,11.68,0
3.76,2,8.7,1264.7,45,1.22,0.142,39,8,0.37,FinTech,Series B,13.08,0
0.62,47,10.5,78.1,47,0.16,0.017,871,10,0.06,HealthTech,Series B,8.62,0
0.26,102,8.7,709.8,12,0.1,0.009,2517,1,0.04,Cybersecurity,Pre-Seed,9.98,1
3.6,22,9.7,524.6,21,0.59,0.144,976,4,0.37,FinTech,Pre-Seed,6.81,1
0.1,91,4.4,822.5,11,0.04,0.001,1213,10,0.01,HealthTech,Seed,12.4,1
3.08,111,9.9,53.6,5,1.14,0.109,7782,1,0.55,AI/ML,Series B,8.55,1
9.86,37,1.4,694.0,56,0.53,0.175,1010,9,1.5,HealthTech,Pre-Seed,10.08,0
3.0,55,10.8,659.5,20,0.62,0.109,945,7,0.42,Cybersecurity,Seed,5.26,1
1.72,88,6.8,658.0,41,0.67,0.048,4899,7,0.42,BioTech,Seed,12.65,1
3.61,58,9.9,740.0,46,0.31,0.146,455,5,0.59,AI/ML,Series B,10.55,0
2.15,2,5.7,902.8,12,0.52,0.029,102,7,0.48,CleanTech,Series A,6.12,1
2.76,64,7.9,1307.8,70,1.08,0.095,3671,2,0.21,SaaS,Series B,10.1,0
9.93,55,6.6,251.6,17,2.43,0.198,1161,4,1.63,HealthTech,Series A,12.48,0
1.71,56,8.9,1394.6,19,0.2,0.075,456,7,0.38,HealthTech,Seed,10.38,0
11.37,116,1.4,551.7,26,2.89,0.535,3743,3,1.89,FinTech,Pre-Seed,19.58,0
8.25,41,1.2,64.2,48,1.0,0.411,508,2,1.6,CleanTech,Series C,4.54,0
0.76,16,3.3,48.3,52,0.18,0.032,219,10,0.09,Logistics,Seed,6.14,0
0.25,22,2.3,325.5,70,0.02,0.01,529,2,0.02,EdTech,Pre-Seed,2.37,0
0.37,48,10.5,1229.3,55,0.1,0.006,1303,1,0.05,E-Commerce,Seed,6.27,0
0.1,74,3.0,983.9,75,0.02,0.002,3311,5,0.01,HealthTech,Series B,8.83,1
0.35,54,11.7,1243.3,33,0.11,0.01,3017,6,0.08,Logistics,Series A,8.16,1
4.02,10,4.4,582.6,62,1.09,0.163,494,6,0.4,EdTech,Seed,7.75,0
0.26,75,2.6,464.1,23,0.06,0.012,1209,9,0.06,E-Commerce,Pre-Seed,8.35,1
1.34,53,9.6,127.6,15,0.39,0.022,949,4,0.32,SaaS,Series B,7.34,1
6.52,58,8.1,318.2,27,0.65,0.305,4112,1,0.65,FinTech,Series C,7.66,1
0.1,118,6.2,455.4,75,0.03,0.004,5531,6,0.01,Logistics,Series B,9.82,0
5.9,27,6.9,74.2,64,0.65,0.199,1896,5,1.35,FinTech,Series A,4.62,0
1.16,42,8.8,199.4,51,0.43,0.019,1380,10,0.28,E-Commerce,Series B,7.4,1
0.44,36,3.1,729.5,53,0.03,0.005,1838,6,0.06,BioTech,Series C,7.5,1
4.18,64,12.0,1064.4,78,0.84,0.134,2833,3,0.48,HealthTech,Pre-Seed,10.1,0
3.47,117,11.7,5000.0,51,1.02,0.123,3385,2,0.54,AI/ML,Seed,22.98,1
7.35,26,8.0,2163.8,47,1.55,0.126,1046,6,1.38,EdTech,Series A,17.37,1
4.65,91,2.8,823.0,4,0.38,0.147,3884,1,0.49,CleanTech,Series C,10.53,0
5.69,76,8.3,437.5,7,1.39,0.25,1524,7,1.12,Cybersecurity,Series A,12.47,0
1.16,39,1.3,808.9,35,0.32,0.05,1116,7,0.07,HealthTech,Series B,6.97,0
0.68,3,0.9,1232.1,48,0.2,0.032,193,10,0.04,AI/ML,Series A,3.92,1
4.86,8,3.5,100.8,73,0.88,0.115,589,7,0.62,Cybersecurity,Series C,6.62,0
5.75,83,5.8,422.0,72,1.42,0.124,2654,10,0.69,Logistics,Seed,13.7,1
16.3,92,10.5,1465.1,45,3.39,0.645,2578,1,1.84,Cybersecurity,Seed,21.18,0
1.86,35,8.9,387.4,72,0.53,0.049,687,4,0.28,SaaS,Series A,5.83,0
1.63,92,9.0,678.7,19,0.41,0.02,5141,7,0.19,HealthTech,Pre-Seed,10.02,1
5.24,18,5.4,708.9,63,1.23,0.105,526,9,0.46,FinTech,Series A,7.97,0
1.46,44,4.5,163.1,38,0.2,0.038,3479,5,0.16,BioTech,Series B,4.04,1
9.35,60,4.8,359.8,67,0.47,0.192,1765,2,2.29,CleanTech,Seed,8.97,0
6.84,109,11.9,325.8,59,0.76,0.152,3767,7,0.9,FinTech,Seed,15.25,1
1.96,52,1.0,21.2,69,0.18,0.04,2613,10,0.27,AI/ML,Seed,7.46,1
4.86,55,10.5,19.6,13,1.01,0.049,3581,1,0.8,HealthTech,Pre-Seed,7.57,1
4.92,25,7.2,1425.6,47,1.3,0.172,1005,7,1.21,BioTech,Pre-Seed,13.28,1
0.38,26,5.5,255.1,61,0.05,0.013,954,6,0.04,Cybersecurity,Series C,3.31,0
8.15,72,8.8,584.0,31,3.09,0.29,5736,7,1.52,HealthTech,Series A,17.94,1
2.46,53,6.1,283.9,22,0.13,0.04,306,10,0.48,Cybersecurity,Series A,7.2,0
6.13,71,10.5,2259.8,43,1.96,0.127,5121,3,1.05,Logistics,Series B,17.96,1
1.35,118,10.9,240.1,67,0.36,0.046,1909,3,0.09,SaaS,Seed,9.12,1
7.91,89,5.3,449.2,54,1.43,0.264,5691,7,1.47,E-Commerce,Pre-Seed,14.2,1
1.73,34,3.7,1649.2,10,0.12,0.051,1745,2,0.11,HealthTech,Series B,6.0,0
0.1,50,7.3,1475.8,42,0.03,0.002,1531,1,0.02,AI/ML,Series B,7.6,0
8.25,30,11.0,164.7,64,1.53,0.383,2116,9,1.63,Cybersecurity,Pre-Seed,14.16,1
0.34,64,2.9,1298.2,21,0.13,0.008,381,9,0.03,FinTech,Series A,8.81,0
1.35,108,7.7,490.3,76,0.32,0.037,2376,7,0.29,Logistics,Seed,10.0,0
10.49,23,7.8,527.7,66,3.97,0.384,1092,7,0.59,AI/ML,Series A,17.87,0
10.53,27,8.9,114.6,41,1.34,0.326,846,3,2.3,CleanTech,Series B,9.86,1
2.98,29,2.0,67.2,24,0.91,0.068,1472,10,0.42,E-Commerce,Seed,7.8,1
3.5,115,8.7,1041.4,35,0.93,0.093,782,2,0.33,Logistics,Series C,7.99,0
2.08,86,11.0,548.9,56,0.64,0.086,1181,7,0.16,SaaS,Series B,12.51,1
1.21,50,2.6,459.4,30,0.15,0.024,726,9,0.29,E-Commerce,Series A,9.03,0
1.39,72,3.2,1046.0,57,0.39,0.02,1382,1,0.09,Cybersecurity,Series A,5.25,0
3.91,82,11.7,1160.3,47,0.88,0.084,3234,4,0.35,AI/ML,Series A,10.78,1
4.89,85,2.6,138.4,35,1.52,0.214,5219,6,0.58,CleanTech,Pre-Seed,14.17,1
5.49,106,10.3,753.7,19,0.9,0.066,7729,7,0.96,EdTech,Series B,15.85,1
5.46,50,6.2,116.3,8,1.97,0.271,3382,10,0.87,SaaS,Seed,14.21,1
0.33,21,3.3,1113.4,26,0.03,0.01,415,7,0.02,BioTech,Series A,6.41,0
2.39,119,10.5,855.9,71,0.79,0.118,4532,10,0.26,Cybersecurity,Series A,14.58,1
0.21,87,5.6,2510.1,30,0.07,0.01,1736,2,0.02,EdTech,Pre-Seed,11.2,0
2.79,93,6.4,57.2,7,0.94,0.076,2309,4,0.26,HealthTech,Seed,11.11,0
2.04,64,4.6,47.0,67,0.47,0.034,2737,5,0.27,CleanTech,Series B,5.72,0
7.65,62,7.3,265.2,65,1.56,0.116,626,1,1.46,FinTech,Series C,8.89,0
1.51,105,2.4,242.7,36,0.6,0.028,2243,1,0.14,BioTech,Pre-Seed,9.64,0
0.44,50,5.0,226.9,25,0.06,0.017,3757,10,0.05,AI/ML,Series B,7.23,1
0.54,72,11.6,1893.7,37,0.13,0.011,2877,3,0.07,CleanTech,Series C,11.88,0
5.02,2,3.5,229.7,1,1.43,0.113,76,10,1.23,E-Commerce,Series A,8.5,1
3.37,97,8.1,253.9,15,1.0,0.091,590,3,0.81,Logistics,Series A,9.91,0
0.37,14,4.2,1139.7,37,0.04,0.017,329,8,0.08,E-Commerce,Seed,5.43,0
0.31,95,9.4,477.9,13,0.09,0.005,6647,9,0.03,E-Commerce,Series C,9.82,1
4.23,88,2.0,1199.4,8,1.42,0.036,1526,1,0.27,HealthTech,Series A,10.21,1
0.26,52,11.7,54.1,5,0.02,0.003,1878,2,0.03,SaaS,Series A,2.92,0
6.04,57,5.7,534.9,60,2.23,0.278,346,10,0.62,FinTech,Seed,12.81,0
4.29,84,3.2,27.4,73,0.26,0.151,3433,2,0.65,BioTech,Series B,7.74,0
0.3,63,1.3,51.8,1,0.05,0.006,414,4,0.06,SaaS,Series A,6.15,0
0.31,33,2.5,1895.3,36,0.02,0.005,2193,2,0.07,CleanTech,Pre-Seed,4.54,1
15.1,31,6.5,120.0,35,1.16,0.311,2072,7,3.31,E-Commerce,Pre-Seed,13.45,1
1.64,30,4.4,608.1,66,0.61,0.022,1922,9,0.2,HealthTech,Series B,12.28,0
1.62,50,10.0,423.6,63,0.28,0.077,1312,7,0.3,CleanTech,Series C,7.42,1
5.86,46,5.5,341.4,23,1.16,0.24,3118,6,0.66,Logistics,Seed,8.74,1
10.3,94,3.4,1840.7,9,1.29,0.284,4298,10,0.64,FinTech,Pre-Seed,23.1,1
14.94,31,7.6,17.7,34,3.87,0.663,1024,1,2.84,BioTech,Pre-Seed,12.85,0
4.9,17,8.6,872.0,46,1.27,0.092,882,10,0.25,Logistics,Series B,11.43,1
1.65,41,2.4,2646.0,78,0.3,0.063,242,9,0.22,HealthTech,Series C,13.39,0
0.31,20,2.4,657.1,4,0.05,0.014,314,5,0.04,FinTech,Series C,6.78,0
5.25,19,0.9,2209.4,30,1.89,0.122,1152,5,0.99,CleanTech,Series B,14.85,0
2.86,2,9.0,42.9,75,0.53,0.114,46,6,0.58,E-Commerce,Pre-Seed,3.81,0
1.93,79,8.1,434.1,72,0.43,0.04,3938,9,0.21,E-Commerce,Seed,8.74,1
8.29,116,6.0,241.1,3,1.24,0.172,3930,8,1.76,Cybersecurity,Pre-Seed,14.31,1
0.41,48,10.2,1049.9,14,0.13,0.005,3317,8,0.04,E-Commerce,Series C,7.05,1
2.37,115,9.8,3183.3,60,0.45,0.063,8789,8,0.33,EdTech,Pre-Seed,18.37,1
0.1,67,7.2,237.1,77,0.02,0.004,4774,1,0.02,E-Commerce,Seed,3.54,0
2.21,119,10.5,849.5,45,0.31,0.105,3010,1,0.42,EdTech,Series A,7.38,1
0.2,93,2.9,176.6,34,0.08,0.007,1819,8,0.05,AI/ML,Pre-Seed,10.4,0
0.44,114,1.8,666.5,45,0.07,0.019,4626,5,0.04,EdTech,Series B,8.82,1
0.44,115,3.6,498.8,61,0.14,0.019,638,9,0.08,FinTech,Series A,9.09,1
3.67,95,1.2,2860.6,16,0.73,0.057,658,2,0.63,Logistics,Series B,14.98,1
4.8,39,6.6,750.3,66,0.59,0.137,1813,9,1.12,FinTech,Series B,10.09,1
3.06,52,11.3,344.0,40,1.01,0.04,2289,8,0.25,Logistics,Series B,7.37,1
11.46,64,1.0,96.9,17,1.91,0.421,5093,9,2.3,Cybersecurity,Pre-Seed,14.9,1
1.64,5,1.9,131.2,34,0.58,0.079,100,4,0.27,AI/ML,Series C,2.38,0
1.18,2,5.7,204.2,16,0.44,0.017,48,1,0.12,Logistics,Series A,4.98,0
7.1,9,11.2,231.2,60,2.49,0.276,121,1,1.03,Logistics,Seed,9.99,0
0.89,30,4.1,1521.0,66,0.06,0.031,2214,5,0.1,HealthTech,Series C,6.91,1
11.56,56,6.3,659.0,66,3.76,0.377,3546,2,1.92,SaaS,Pre-Seed,16.18,0
0.1,104,1.0,592.8,13,0.02,0.002,6934,8,0.02,SaaS,Series B,9.74,1
12.26,4,2.2,97.5,56,4.36,0.284,290,10,2.01,HealthTech,Seed,19.36,1
0.15,33,11.8,1573.7,31,0.04,0.002,1464,5,0.03,E-Commerce,Series A,7.53,1
7.76,11,11.6,1026.5,34,2.65,0.135,427,5,1.19,HealthTech,Series C,13.37,1
2.63,75,0.6,56.1,39,0.59,0.024,2233,2,0.16,Logistics,Series C,6.99,0
17.35,84,11.4,984.3,67,4.12,0.565,4132,7,1.68,Logistics,Seed,22.83,1
0.27,111,7.8,627.4,8,0.03,0.003,4336,8,0.04,HealthTech,Pre-Seed,9.89,1
2.82,35,10.5,68.2,78,0.91,0.126,1360,10,0.32,HealthTech,Series A,5.65,0
12.19,98,5.7,490.4,55,2.4,0.367,7376,1,1.05,E-Commerce,Seed,16.86,0
2.59,88,6.4,530.4,27,0.58,0.097,6934,2,0.39,FinTech,Series B,8.95,1
3.47,56,6.1,145.0,53,1.13,0.088,3625,10,0.4,AI/ML,Series A,9.68,1
4.16,93,8.2,2330.6,39,1.08,0.132,5743,4,0.42,CleanTech,Series C,18.38,1
2.12,33,2.1,1517.6,65,0.26,0.101,1849,5,0.3,Logistics,Seed,8.51,1
3.46,51,0.8,884.6,17,0.89,0.041,890,2,0.27,AI/ML,Series C,7.1,0
3.07,8,4.0,496.4,30,0.59,0.058,75,1,0.72,HealthTech,Series C,5.56,0
8.1,94,8.6,424.5,53,1.74,0.331,5339,9,1.81,E-Commerce,Series C,16.03,1
0.16,9,2.8,842.1,13,0.01,0.002,536,1,0.03,EdTech,Pre-Seed,3.53,0
1.15,66,8.2,630.7,21,0.14,0.013,562,4,0.08,E-Commerce,Series C,6.44,0
10.51,58,11.7,51.4,19,1.56,0.246,4327,2,2.16,BioTech,Series B,11.06,1
7.73,68,1.6,574.8,53,2.32,0.094,804,4,1.64,BioTech,Series B,13.92,0
2.13,89,8.2,1313.6,19,0.12,0.07,2353,8,0.43,AI/ML,Series A,12.44,1
3.39,88,5.6,491.8,57,0.65,0.06,4877,8,0.25,SaaS,Series C,8.44,1
1.14,60,10.5,42.7,25,0.43,0.052,1064,9,0.2,BioTech,Series C,7.36,0
0.73,73,2.5,1234.5,31,0.07,0.03,668,5,0.16,BioTech,Seed,11.53,0
2.18,55,8.5,179.9,55,0.5,0.082,1640,7,0.36,FinTech,Pre-Seed,6.57,0
1.53,112,10.1,239.4,23,0.5,0.052,6994,3,0.27,EdTech,Series A,8.07,1
3.07,102,11.4,144.0,32,1.17,0.136,3674,10,0.43,FinTech,Series C,12.35,1
0.28,68,8.4,320.6,62,0.09,0.005,3670,4,0.04,EdTech,Seed,4.25,0
12.83,52,6.2,1130.9,74,3.88,0.574,2520,10,0.73,Cybersecurity,Pre-Seed,18.4,1
14.99,98,7.6,586.2,10,5.09,0.618,653,9,2.67,CleanTech,Series A,25.55,1
4.19,93,10.5,183.4,72,0.86,0.166,7360,10,0.28,Logistics,Series A,12.37,1
2.69,112,7.1,1681.9,54,0.89,0.085,907,10,0.37,BioTech,Series C,16.42,1
1.3,9,0.8,1693.4,52,0.07,0.024,698,1,0.14,Logistics,Series A,5.21,1
5.88,35,11.2,1635.7,20,2.2,0.153,1618,2,0.94,BioTech,Seed,13.5,0
4.04,36,8.4,218.3,32,0.83,0.167,2780,5,0.31,FinTech,Series A,8.81,0
0.62,97,8.3,480.1,14,0.15,0.006,1319,3,0.12,CleanTech,Series B,7.47,1
8.46,89,3.0,3359.2,50,1.18,0.346,3718,2,1.77,FinTech,Seed,17.25,0
6.05,79,8.1,1182.8,28,1.87,0.111,1399,1,0.5,FinTech,Pre-Seed,13.04,0
10.47,33,5.0,22.0,53,0.8,0.15,291,10,0.74,EdTech,Pre-Seed,11.41,1
4.53,47,8.0,53.9,24,1.61,0.06,2411,3,0.36,SaaS,Series C,11.06,0
3.33,108,1.7,498.8,79,1.13,0.032,2223,1,0.75,E-Commerce,Series C,9.81,0
1.9,17,8.1,1919.5,22,0.24,0.057,834,1,0.3,AI/ML,Series B,7.06,0
9.45,69,12.0,619.0,30,3.15,0.165,926,1,1.36,Logistics,Pre-Seed,16.22,1
7.04,117,1.1,551.0,63,2.29,0.349,3498,8,0.5,Cybersecurity,Pre-Seed,16.02,1
0.16,38,11.7,89.2,4,0.04,0.005,2417,3,0.03,BioTech,Pre-Seed,3.48,0
0.1,55,5.2,855.5,77,0.02,0.001,2077,1,0.02,FinTech,Pre-Seed,3.08,0
1.65,86,10.5,1381.2,59,0.24,0.061,4478,7,0.36,SaaS,Series A,8.73,1
5.82,15,9.5,383.0,8,0.76,0.266,803,10,1.02,FinTech,Seed,9.33,1
15.27,96,7.0,1195.5,12,2.47,0.601,6555,3,0.99,CleanTech,Seed,17.85,1
0.57,56,9.0,2670.1,31,0.21,0.007,1644,8,0.04,EdTech,Series B,13.39,0
3.16,49,10.6,182.3,78,0.24,0.144,2770,4,0.19,Cybersecurity,Series A,5.72,0
1.68,83,5.1,592.7,34,0.57,0.07,6401,4,0.17,E-Commerce,Pre-Seed,7.5,0
12.26,8,4.3,270.8,75,2.11,0.183,478,5,0.95,CleanTech,Pre-Seed,11.57,0
6.46,75,8.2,1259.5,76,1.5,0.068,3130,6,0.66,HealthTech,Series C,12.88,1
6.38,8,9.8,689.4,49,2.09,0.201,418,7,0.81,Cybersecurity,Series C,13.68,1
2.21,34,9.3,805.4,79,0.79,0.033,2056,4,0.53,FinTech,Series B,5.77,1
1.88,24,9.7,1279.3,57,0.32,0.081,1222,8,0.32,CleanTech,Pre-Seed,8.38,1
1.12,86,5.5,403.3,26,0.24,0.026,537,6,0.24,E-Commerce,Series B,6.99,1
0.2,20,9.9,1972.9,18,0.04,0.009,392,1,0.04,SaaS,Series A,7.13,0
7.0,113,1.9,609.2,38,0.38,0.223,7433,1,0.51,SaaS,Seed,9.62,0
5.87,20,6.8,137.5,50,0.9,0.094,508,9,1.16,Logistics,Pre-Seed,7.97,1
28.6,37,0.6,952.3,8,6.03,0.405,2215,10,3.0,E-Commerce,Series A,32.26,1
19.93,30,4.2,1261.0,41,3.86,0.645,987,6,3.54,SaaS,Pre-Seed,21.31,1
2.84,61,4.7,304.7,6,0.86,0.114,2692,10,0.34,CleanTech,Series C,11.33,0
5.13,83,5.1,1556.9,69,0.95,0.21,838,8,1.28,Logistics,Series B,13.11,0
10.14,3,8.5,1892.8,44,2.24,0.201,55,7,1.04,SaaS,Series C,13.63,1
6.63,2,5.0,259.4,64,1.33,0.112,153,6,0.7,Cybersecurity,Seed,8.37,0
0.99,48,5.7,3284.6,29,0.31,0.009,3444,4,0.23,EdTech,Series C,12.46,1
2.1,70,3.2,121.3,28,0.74,0.077,3774,7,0.12,HealthTech,Pre-Seed,9.86,1
0.48,21,4.8,180.5,11,0.11,0.006,828,9,0.09,E-Commerce,Series C,5.37,0
10.78,12,3.1,162.9,65,3.52,0.279,668,10,2.1,CleanTech,Pre-Seed,16.77,1
3.26,107,1.3,1795.4,19,0.5,0.109,5499,10,0.71,BioTech,Seed,13.23,1
0.91,3,7.4,849.7,9,0.22,0.043,142,7,0.22,FinTech,Series C,8.56,0
3.9,68,8.2,132.0,27,0.67,0.083,641,1,0.96,CleanTech,Series B,6.55,0
3.37,88,7.6,464.3,34,0.66,0.063,4616,10,0.21,SaaS,Series B,13.1,1
1.55,13,5.8,764.2,44,0.47,0.055,814,9,0.33,CleanTech,Series B,6.36,0
0.42,21,4.9,69.7,68,0.15,0.014,1670,4,0.08,BioTech,Series C,3.75,0
3.9,6,10.4,1712.5,15,0.36,0.086,34,3,0.7,FinTech,Series C,5.55,1
2.57,38,6.5,1302.1,51,0.7,0.121,2270,4,0.19,Logistics,Series C,9.58,0
5.18,39,6.0,562.9,13,1.31,0.226,1867,4,0.93,SaaS,Pre-Seed,8.74,0
2.57,95,0.8,2732.1,49,0.24,0.045,3567,10,0.63,AI/ML,Seed,16.63,1
6.69,10,4.4,432.7,70,0.83,0.122,145,2,1.55,SaaS,Series B,7.22,0
2.81,99,4.9,3313.7,56,0.45,0.083,3532,1,0.39,HealthTech,Pre-Seed,13.26,1
2.88,54,5.1,881.9,76,0.31,0.117,1705,10,0.17,AI/ML,Series B,9.19,0
7.32,45,7.2,805.6,51,0.99,0.074,1247,1,0.9,HealthTech,Pre-Seed,9.79,0
1.81,100,6.6,145.2,37,0.26,0.067,5981,8,0.39,BioTech,Series C,12.75,1
0.5,117,7.5,1709.2,17,0.08,0.018,6733,2,0.1,E-Commerce,Series B,10.86,1
0.1,87,9.3,446.2,58,0.03,0.002,4278,10,0.01,FinTech,Series C,10.41,1
4.92,109,9.8,141.6,29,1.23,0.181,8218,5,0.3,EdTech,Series B,11.82,1
3.39,25,8.8,10.2,33,1.34,0.161,780,4,0.46,Logistics,Series A,9.83,0
4.26,82,11.5,656.3,60,0.83,0.044,1909,8,0.61,EdTech,Pre-Seed,9.52,1
0.84,75,0.7,599.6,55,0.26,0.018,4064,2,0.2,Cybersecurity,Series A,7.0,0
0.51,31,2.8,1016.5,10,0.18,0.014,617,10,0.09,Cybersecurity,Pre-Seed,6.13,1
0.1,60,0.6,1767.7,47,0.03,0.005,1717,9,0.01,BioTech,Seed,7.18,1
1.51,111,7.9,66.2,23,0.29,0.073,2424,7,0.23,E-Commerce,Series B,9.99,0
3.12,88,10.8,1051.9,21,0.98,0.084,896,7,0.2,Cybersecurity,Seed,13.15,1
1.74,97,3.3,166.0,13,0.21,0.069,6505,1,0.43,SaaS,Seed,6.13,0
2.01,82,11.2,1562.5,33,0.33,0.061,1975,2,0.25,CleanTech,Pre-Seed,9.8,0
8.21,115,1.2,1367.7,24,1.98,0.252,4654,4,1.2,HealthTech,Series A,22.19,0
1.5,116,11.2,622.6,11,0.38,0.03,956,4,0.18,Cybersecurity,Series C,9.85,1
2.53,82,4.5,991.0,17,0.15,0.044,4710,3,0.47,BioTech,Pre-Seed,9.49,1
5.36,15,1.7,301.9,68,2.04,0.109,446,7,0.98,HealthTech,Series C,9.79,0
1.77,10,6.1,509.7,47,0.52,0.056,608,8,0.34,SaaS,Seed,7.09,0
3.41,41,3.5,1379.1,25,0.76,0.033,1473,2,0.35,E-Commerce,Series C,8.66,0
6.94,67,3.8,491.9,73,2.61,0.32,1318,4,0.79,FinTech,Series A,13.48,1
10.45,110,4.0,354.3,21,2.13,0.155,4783,3,0.78,EdTech,Pre-Seed,18.43,1
0.56,26,9.7,545.3,12,0.22,0.01,384,2,0.1,SaaS,Series A,5.87,0
9.14,104,6.7,1409.4,37,2.1,0.274,3956,6,0.53,Logistics,Series A,18.63,1
2.37,74,4.1,326.6,42,0.21,0.09,2131,4,0.4,AI/ML,Pre-Seed,3.68,0
1.05,119,7.5,152.7,17,0.33,0.013,8734,6,0.24,BioTech,Series A,9.29,1
2.15,23,8.7,995.9,48,0.62,0.046,220,2,0.49,EdTech,Series B,10.5,0
13.7,108,3.6,1398.9,28,4.39,0.667,6161,4,1.92,Logistics,Series B,23.76,1
2.37,111,5.3,84.9,41,0.91,0.046,2076,6,0.34,FinTech,Series B,12.7,0
1.4,5,1.9,219.4,47,0.45,0.03,144,5,0.09,Logistics,Series C,6.42,0
3.51,27,2.6,122.5,18,0.93,0.152,976,3,0.65,E-Commerce,Series A,6.25,0
0.96,59,8.3,342.1,78,0.34,0.01,4312,8,0.21,AI/ML,Pre-Seed,6.83,0
0.28,30,2.6,478.8,71,0.08,0.008,695,7,0.03,HealthTech,Pre-Seed,2.06,0
0.48,110,6.5,1105.3,13,0.09,0.012,1303,3,0.06,EdTech,Series C,10.72,0
0.48,99,8.7,842.5,13,0.17,0.01,2861,6,0.1,AI/ML,Pre-Seed,8.7,0
0.58,88,1.7,776.0,31,0.07,0.012,1130,4,0.13,CleanTech,Series B,8.45,0
0.52,38,7.0,347.6,2,0.16,0.006,556,5,0.05,SaaS,Series A,3.4,0
3.58,76,3.5,1473.3,16,1.28,0.077,3650,5,0.57,CleanTech,Pre-Seed,13.06,1
0.7,71,11.6,509.8,9,0.21,0.007,679,7,0.06,SaaS,Pre-Seed,8.35,0
1.48,19,6.1,3094.6,73,0.44,0.06,139,5,0.1,E-Commerce,Seed,12.2,0
7.95,86,9.8,804.4,38,2.49,0.198,5037,3,1.85,AI/ML,Seed,13.97,0
2.25,43,6.8,108.0,75,0.48,0.06,1381,10,0.48,FinTech,Seed,9.96,1
3.85,101,1.0,902.0,54,1.37,0.175,1454,5,0.78,Cybersecurity,Series A,12.55,1
0.66,42,7.8,314.6,56,0.08,0.024,1008,7,0.04,Logistics,Series B,3.49,0
0.75,39,11.4,927.5,45,0.07,0.007,2073,5,0.16,Cybersecurity,Series B,6.4,0
0.15,35,7.4,57.7,34,0.02,0.007,898,5,0.02,AI/ML,Series B,4.02,0
0.65,18,9.9,153.8,9,0.15,0.012,757,9,0.08,CleanTech,Series A,5.66,0
1.14,38,10.7,1548.9,8,0.26,0.015,536,3,0.18,Cybersecurity,Series A,9.82,1
0.68,26,3.1,206.2,7,0.23,0.027,1276,6,0.05,BioTech,Seed,4.57,0
0.33,103,2.9,1451.4,36,0.06,0.01,2956,1,0.07,Cybersecurity,Pre-Seed,9.08,1
0.45,77,7.5,262.0,18,0.1,0.012,4005,10,0.07,SaaS,Series C,7.19,1
2.16,88,5.2,823.8,3,0.12,0.04,5775,5,0.19,BioTech,Series C,10.48,1
0.81,118,10.2,947.7,28,0.16,0.025,6003,8,0.07,EdTech,Pre-Seed,12.24,1
1.59,107,10.9,575.0,70,0.44,0.031,2908,5,0.14,Cybersecurity,Seed,9.61,0
2.45,87,4.6,291.4,44,0.14,0.112,2103,9,0.15,BioTech,Pre-Seed,6.65,0
4.1,86,3.2,191.3,21,0.61,0.071,2541,6,0.69,AI/ML,Pre-Seed,11.94,1
0.14,28,9.5,27.0,28,0.02,0.006,485,8,0.03,Logistics,Series C,2.9,0
5.62,58,3.7,289.9,54,0.36,0.178,1078,10,0.3,EdTech,Seed,8.94,1
3.46,32,10.0,847.1,54,0.75,0.148,2057,8,0.21,FinTech,Series A,9.99,1
0.3,7,5.4,2228.4,65,0.03,0.011,236,3,0.05,FinTech,Series C,5.25,0
7.24,92,8.2,1639.6,21,2.24,0.271,3468,7,1.55,E-Commerce,Series A,16.32,1
8.88,41,1.6,1162.2,13,3.08,0.194,2031,7,1.02,Cybersecurity,Seed,14.43,1
0.22,99,7.7,1242.6,57,0.05,0.004,4873,10,0.03,Logistics,Pre-Seed,13.2,1
1.13,13,5.7,874.9,49,0.44,0.019,130,6,0.19,HealthTech,Series B,5.73,0
5.74,110,7.2,241.2,54,1.19,0.253,7410,7,0.6,BioTech,Series B,17.46,1
4.83,54,2.4,1901.8,10,1.11,0.205,988,2,0.27,EdTech,Seed,10.39,0
